Team,kaggle_id,seed,SoS,Off Rebound Rate,TOV/Pace,AdjEM,,,,,,,,,,,,,,,,,,,,,
UConn,1163,1,11.8,0.301987768,5.498489426,32.21,,,,,,,,,,,,,,,,,,,,,
Iowa State,1235,2,11.6,0.318063959,8.739002933,26.72,,,,,,,,,,,,,,,,,,,,,
Illinois,1228,3,10.9,0.31316726,4.226950355,23.99,,,,,,,,,,,,,,,,,,,,,
Auburn,1120,4,10.1,0.298136646,6.169014085,28.9,,,,,,,,,,,,,,,,,,,,,
San Diego State,1361,5,8,0.308108108,6.294642857,19.7,,,,,,,,,,,,,,,,,,,,,
BYU,1140,6,10.1,0.301223242,5.285714286,21.01,,,,,,,,,,,,,,,,,,,,,
Washington State,1450,7,7.3,0.297427653,5.262368816,16.22,,,,,,,,,,,,,,,,,,,,,
Florida Atlantic,1194,8,5.2,0.308121019,5.528219971,16.24,,,,,,,,,,,,,,,,,,,,,
Northwestern,1321,9,8.8,0.269809428,6.089644513,15.91,,,,,,,,,,,,,,,,,,,,,
Drake,1179,10,2,0.230769231,6.102189781,14.71,,,,,,,,,,,,,,,,,,,,,
Duquesne,1182,11,3.2,0.300568643,6.955223881,9.37,,,,,,,,,,,,,,,,,,,,,
UAB,1412,12,2.7,0.337191358,5.668604651,6.28,,,,,,,,,,,,,,,,,,,,,
Yale,1463,13,1.3,0.297979798,5.987841945,9.47,,,,,,,,,,,,,,,,,,,,,
Morehead State,1287,14,-4.2,0.294776119,5.399698341,5.47,,,,,,,,,,,,,,,,,,,,,
South Dakota State,1355,15,-2.9,0.232673267,5.618631732,2.99,,,,,,,,,,,,,,,,,,,,,
Stetson,1391,16,-3.8,0.277403035,4.836795252,-4.1,,,,,,,,,,,,,,,,,,,,,
Houston,1222,1,12.5,0.36328125,8.442367601,31.72,,,,,,,,,,,,,,,,,,,,,
Marquette,1266,2,11.8,0.267264574,7.215007215,22.74,,,,,,,,,,,,,,,,,,,,,
Kentucky,1246,3,9.4,0.267054909,5.189189189,20.02,,,,,,,,,,,,,,,,,,,,,
Duke,1181,4,9.1,0.288280582,5.40620384,24.88,,,,,,,,,,,,,,,,,,,,,
Wisconsin,1458,5,11.6,0.297979798,5.987841945,20.6,,,,,,,,,,,,,,,,,,,,,
Texas Tech,1403,6,9.8,0.282251082,5.639880952,18.54,,,,,,,,,,,,,,,,,,,,,
Florida,1196,7,9.5,0.34605087,5.164383562,18.19,,,,,,,,,,,,,,,,,,,,,
Nebraska,1304,8,8.6,0.254792332,5.468975469,18.19,,,,,,,,,,,,,,,,,,,,,
Texas A&M,1401,9,9.7,0.404269973,5.762962963,16.11,,,,,,,,,,,,,,,,,,,,,
Boise State,1129,10,6.5,0.306722689,5.439642325,16.38,,,,,,,,,,,,,,,,,,,,,
Colorado,1160,10,8.2,0.270164448,5.253256151,18.47,,,,,,,,,,,,,,,,,,,,,
NC State,1301,11,7.6,0.296266879,6.540697674,13.06,,,,,,,,,,,,,,,,,,,,,
James Madison,1241,12,-1.1,0.298258895,6.838440111,12.9,,,,,,,,,,,,,,,,,,,,,
Vermont,1436,13,-1.8,0.220910624,5.213414634,6.98,,,,,,,,,,,,,,,,,,,,,
Oakland,1324,14,-0.6,0.293924466,5.630498534,2.82,,,,,,,,,,,,,,,,,,,,,
Western Kentucky,1443,15,-2.5,0.264079148,6.184210526,3.06,,,,,,,,,,,,,,,,,,,,,
Longwood,1255,16,-4.1,0.350943396,6.866764275,0.96,,,,,,,,,,,,,,,,,,,,,
Purdue,1345,1,12.7,0.301051051,4.666666667,29.12,,,,,,,,,,,,,,,,,,,,,
Tennessee,1397,2,11.7,0.301127214,6.04815864,25.97,,,,,,,,,,,,,,,,,,,,,
Creighton,1166,3,10.5,0.219110379,3.652430044,23.4,,,,,,,,,,,,,,,,,,,,,
Kansas,1242,4,11.5,0.223284101,5.423242468,19.23,,,,,,,,,,,,,,,,,,,,,
Gonzaga,1211,5,7.4,0.280898876,5.256410256,21.56,,,,,,,,,,,,,,,,,,,,,
South Carolina,1376,6,7.2,0.320101351,4.976816074,15.06,,,,,,,,,,,,,,,,,,,,,
Texas,1400,7,10.1,0.292947559,5.967741935,18.4,,,,,,,,,,,,,,,,,,,,,
Utah State,1429,8,4.6,0.267111853,5.701881331,15.11,,,,,,,,,,,,,,,,,,,,,
TCU,1395,9,9.8,0.33715221,6.968838527,17.29,,,,,,,,,,,,,,,,,,,,,
Colorado State,1161,10,6.4,0.236135957,5.964125561,16.6,,,,,,,,,,,,,,,,,,,,,
Virginia,1438,10,6.8,0.268698061,6.454248366,12.08,,,,,,,,,,,,,,,,,,,,,
Oregon,1332,11,8.1,0.290627687,6.12244898,13.43,,,,,,,,,,,,,,,,,,,,,
McNeese State,1270,12,-4.1,0.308724832,8.044444444,12.86,,,,,,,,,,,,,,,,,,,,,
Samford,1359,13,-1.9,0.293344289,7.604306864,9.79,,,,,,,,,,,,,,,,,,,,,
Akron,1103,14,-0.7,0.282747604,5.820895522,4.94,,,,,,,,,,,,,,,,,,,,,
Saint Peter's,1389,15,-4,0.353508772,6.636085627,-2.32,,,,,,,,,,,,,,,,,,,,,
Grambling State,1212,16,-7.4,0.299817185,6.54247392,-7.81,,,,,,,,,,,,,,,,,,,,,
Montana State,1286,16,-4.3,0.222862632,6.623748212,-3.9,,,,,,,,,,,,,,,,,,,,,
North Carolina,1314,1,10.2,0.294496069,5.084033613,24.65,,,,,,,,,,,,,,,,,,,,,
Arizona,1112,2,11,0.310589908,6.084583902,26.62,,,,,,,,,,,,,,,,,,,,,
Baylor,1124,3,11.8,0.324161651,5.904334828,22.3,,,,,,,,,,,,,,,,,,,,,
Alabama,1104,4,12,0.321231255,5.040431267,22.48,,,,,,,,,,,,,,,,,,,,,
Saint Mary's,1388,5,5.6,0.33256705,5.637795276,19.89,,,,,,,,,,,,,,,,,,,,,
Clemson,1155,6,8.4,0.253001715,4.385185185,16.94,,,,,,,,,,,,,,,,,,,,,
Dayton,1173,7,5.4,0.242829828,4.876160991,17.3,,,,,,,,,,,,,,,,,,,,,
Mississippi State,1280,8,9.6,0.324386503,6.197387518,17.98,,,,,,,,,,,,,,,,,,,,,
Michigan State,1277,9,10.9,0.293963255,6.204819277,20.03,,,,,,,,,,,,,,,,,,,,,
Nevada,1305,10,5.3,0.258575198,5.865671642,16.81,,,,,,,,,,,,,,,,,,,,,
New Mexico,1307,11,6,0.320836337,6.827586207,18.94,,,,,,,,,,,,,,,,,,,,,
Grand Canyon,1213,12,0,0.31031746,6.59025788,13.91,,,,,,,,,,,,,,,,,,,,,
College of Charleston,1158,13,-1,0.325925926,5.614285714,7.61,,,,,,,,,,,,,,,,,,,,,
Colgate,1159,14,-3.2,0.226863227,5.729323308,2.15,,,,,,,,,,,,,,,,,,,,,
Long Beach State,1253,15,-1.6,0.320978503,6.629986245,0,,,,,,,,,,,,,,,,,,,,,
Howard,1224,16,-6.6,0.314496315,6.043165468,-8.26,,,,,,,,,,,,,,,,,,,,,
Wagner,1447,16,-7.8,0.316534041,5.564387917,-10.09,,,,,,,,,,,,,,,,,,,,,
,,,,,,,,,,,,,,,,,,,,,,,,,,,
,,,,,,,,,,,,,,,,,,,,,,,,,,,
,,,,,,,,,,,,,,,,,,,,,,,,,,,
,,,,,,,,,,,,,,,,,,,,,,,,,,,
,,,,,,,,,,,,,,,,,,,,,,,,,,,
,,,,,,,,,,,,,,,,,,,,,,,,,,,
,,,,,,,,,,,,,,,,,,,,,,,,,,,
,,,,,,,,,,,,,,,,,,,,,,,,,,,
,,,,,,,,,,,,,,,,,,,,,,,,,,,
,,,,,,,,,,,,,,,,,,,,,,,,,,,
,,,,,,,,,,,,,,,,,,,,,,,,,,,
,,,,,,,,,,,,,,,,,,,,,,,,,,,
,,,,,,,,,,,,,,,,,,,,,,,,,,,
,,,,,,,,,,,,,,,,,,,,,,,,,,,
,,,,,,,,,,,,,,,,,,,,,,,,,,,
,,,,,,,,,,,,,,,,,,,,,,,,,,,
,,,,,,,,,,,,,,,,,,,,,,,,,,,
,,,,,,,,,,,,,,,,,,,,,,,,,,,
,,,,,,,,,,,,,,,,,,,,,,,,,,,
,,,,,,,,,,,,,,,,,,,,,,,,,,,
,,,,,,,,,,,,,,,,,,,,,,,,,,,
,,,,,,,,,,,,,,,,,,,,,,,,,,,
,,,,,,,,,,,,,,,,,,,,,,,,,,,
,,,,,,,,,,,,,,,,,,,,,,,,,,,
,,,,,,,,,,,,,,,,,,,,,,,,,,,
,,,,,,,,,,,,,,,,,,,,,,,,,,,
,,,,,,,,,,,,,,,,,,,,,,,,,,,
,,,,,,,,,,,,,,,,,,,,,,,,,,,
,,,,,,,,,,,,,,,,,,,,,,,,,,,
,,,,,,,,,,,,,,,,,,,,,,,,,,,
,,,,,,,,,,,,,,,,,,,,,,,,,,,
,,,,,,,,,,,,,,,,,,,,,,,,,,,
,,,,,,,,,,,,,,,,,,,,,,,,,,,
,,,,,,,,,,,,,,,,,,,,,,,,,,,
,,,,,,,,,,,,,,,,,,,,,,,,,,,
,,,,,,,,,,,,,,,,,,,,,,,,,,,
,,,,,,,,,,,,,,,,,,,,,,,,,,,
,,,,,,,,,,,,,,,,,,,,,,,,,,,
,,,,,,,,,,,,,,,,,,,,,,,,,,,
,,,,,,,,,,,,,,,,,,,,,,,,,,,
,,,,,,,,,,,,,,,,,,,,,,,,,,,
,,,,,,,,,,,,,,,,,,,,,,,,,,,
,,,,,,,,,,,,,,,,,,,,,,,,,,,
,,,,,,,,,,,,,,,,,,,,,,,,,,,
,,,,,,,,,,,,,,,,,,,,,,,,,,,
,,,,,,,,,,,,,,,,,,,,,,,,,,,
,,,,,,,,,,,,,,,,,,,,,,,,,,,
,,,,,,,,,,,,,,,,,,,,,,,,,,,
,,,,,,,,,,,,,,,,,,,,,,,,,,,
,,,,,,,,,,,,,,,,,,,,,,,,,,,
,,,,,,,,,,,,,,,,,,,,,,,,,,,
,,,,,,,,,,,,,,,,,,,,,,,,,,,
,,,,,,,,,,,,,,,,,,,,,,,,,,,
,,,,,,,,,,,,,,,,,,,,,,,,,,,
,,,,,,,,,,,,,,,,,,,,,,,,,,,
,,,,,,,,,,,,,,,,,,,,,,,,,,,
,,,,,,,,,,,,,,,,,,,,,,,,,,,
,,,,,,,,,,,,,,,,,,,,,,,,,,,
,,,,,,,,,,,,,,,,,,,,,,,,,,,
,,,,,,,,,,,,,,,,,,,,,,,,,,,
,,,,,,,,,,,,,,,,,,,,,,,,,,,
,,,,,,,,,,,,,,,,,,,,,,,,,,,
,,,,,,,,,,,,,,,,,,,,,,,,,,,
,,,,,,,,,,,,,,,,,,,,,,,,,,,
,,,,,,,,,,,,,,,,,,,,,,,,,,,
,,,,,,,,,,,,,,,,,,,,,,,,,,,
,,,,,,,,,,,,,,,,,,,,,,,,,,,
,,,,,,,,,,,,,,,,,,,,,,,,,,,
,,,,,,,,,,,,,,,,,,,,,,,,,,,
,,,,,,,,,,,,,,,,,,,,,,,,,,,
,,,,,,,,,,,,,,,,,,,,,,,,,,,
,,,,,,,,,,,,,,,,,,,,,,,,,,,
,,,,,,,,,,,,,,,,,,,,,,,,,,,
,,,,,,,,,,,,,,,,,,,,,,,,,,,
,,,,,,,,,,,,,,,,,,,,,,,,,,,
,,,,,,,,,,,,,,,,,,,,,,,,,,,
,,,,,,,,,,,,,,,,,,,,,,,,,,,
,,,,,,,,,,,,,,,,,,,,,,,,,,,
,,,,,,,,,,,,,,,,,,,,,,,,,,,
,,,,,,,,,,,,,,,,,,,,,,,,,,,
,,,,,,,,,,,,,,,,,,,,,,,,,,,
,,,,,,,,,,,,,,,,,,,,,,,,,,,
,,,,,,,,,,,,,,,,,,,,,,,,,,,
,,,,,,,,,,,,,,,,,,,,,,,,,,,
,,,,,,,,,,,,,,,,,,,,,,,,,,,
,,,,,,,,,,,,,,,,,,,,,,,,,,,
,,,,,,,,,,,,,,,,,,,,,,,,,,,
,,,,,,,,,,,,,,,,,,,,,,,,,,,
,,,,,,,,,,,,,,,,,,,,,,,,,,,
,,,,,,,,,,,,,,,,,,,,,,,,,,,
,,,,,,,,,,,,,,,,,,,,,,,,,,,
,,,,,,,,,,,,,,,,,,,,,,,,,,,
,,,,,,,,,,,,,,,,,,,,,,,,,,,
,,,,,,,,,,,,,,,,,,,,,,,,,,,
,,,,,,,,,,,,,,,,,,,,,,,,,,,
,,,,,,,,,,,,,,,,,,,,,,,,,,,
,,,,,,,,,,,,,,,,,,,,,,,,,,,
,,,,,,,,,,,,,,,,,,,,,,,,,,,
,,,,,,,,,,,,,,,,,,,,,,,,,,,
,,,,,,,,,,,,,,,,,,,,,,,,,,,
,,,,,,,,,,,,,,,,,,,,,,,,,,,
,,,,,,,,,,,,,,,,,,,,,,,,,,,
,,,,,,,,,,,,,,,,,,,,,,,,,,,
,,,,,,,,,,,,,,,,,,,,,,,,,,,
,,,,,,,,,,,,,,,,,,,,,,,,,,,
,,,,,,,,,,,,,,,,,,,,,,,,,,,
,,,,,,,,,,,,,,,,,,,,,,,,,,,
,,,,,,,,,,,,,,,,,,,,,,,,,,,
,,,,,,,,,,,,,,,,,,,,,,,,,,,
,,,,,,,,,,,,,,,,,,,,,,,,,,,
,,,,,,,,,,,,,,,,,,,,,,,,,,,
,,,,,,,,,,,,,,,,,,,,,,,,,,,
,,,,,,,,,,,,,,,,,,,,,,,,,,,
,,,,,,,,,,,,,,,,,,,,,,,,,,,
,,,,,,,,,,,,,,,,,,,,,,,,,,,
,,,,,,,,,,,,,,,,,,,,,,,,,,,
,,,,,,,,,,,,,,,,,,,,,,,,,,,
,,,,,,,,,,,,,,,,,,,,,,,,,,,
,,,,,,,,,,,,,,,,,,,,,,,,,,,
,,,,,,,,,,,,,,,,,,,,,,,,,,,
,,,,,,,,,,,,,,,,,,,,,,,,,,,
,,,,,,,,,,,,,,,,,,,,,,,,,,,
,,,,,,,,,,,,,,,,,,,,,,,,,,,
,,,,,,,,,,,,,,,,,,,,,,,,,,,
,,,,,,,,,,,,,,,,,,,,,,,,,,,
,,,,,,,,,,,,,,,,,,,,,,,,,,,
,,,,,,,,,,,,,,,,,,,,,,,,,,,
,,,,,,,,,,,,,,,,,,,,,,,,,,,
,,,,,,,,,,,,,,,,,,,,,,,,,,,
,,,,,,,,,,,,,,,,,,,,,,,,,,,
,,,,,,,,,,,,,,,,,,,,,,,,,,,
,,,,,,,,,,,,,,,,,,,,,,,,,,,
,,,,,,,,,,,,,,,,,,,,,,,,,,,
,,,,,,,,,,,,,,,,,,,,,,,,,,,
,,,,,,,,,,,,,,,,,,,,,,,,,,,
,,,,,,,,,,,,,,,,,,,,,,,,,,,
,,,,,,,,,,,,,,,,,,,,,,,,,,,
,,,,,,,,,,,,,,,,,,,,,,,,,,,
,,,,,,,,,,,,,,,,,,,,,,,,,,,
,,,,,,,,,,,,,,,,,,,,,,,,,,,
,,,,,,,,,,,,,,,,,,,,,,,,,,,
,,,,,,,,,,,,,,,,,,,,,,,,,,,
,,,,,,,,,,,,,,,,,,,,,,,,,,,
,,,,,,,,,,,,,,,,,,,,,,,,,,,
,,,,,,,,,,,,,,,,,,,,,,,,,,,
,,,,,,,,,,,,,,,,,,,,,,,,,,,
,,,,,,,,,,,,,,,,,,,,,,,,,,,
,,,,,,,,,,,,,,,,,,,,,,,,,,,
,,,,,,,,,,,,,,,,,,,,,,,,,,,
,,,,,,,,,,,,,,,,,,,,,,,,,,,
,,,,,,,,,,,,,,,,,,,,,,,,,,,
,,,,,,,,,,,,,,,,,,,,,,,,,,,
,,,,,,,,,,,,,,,,,,,,,,,,,,,
,,,,,,,,,,,,,,,,,,,,,,,,,,,
,,,,,,,,,,,,,,,,,,,,,,,,,,,
,,,,,,,,,,,,,,,,,,,,,,,,,,,
,,,,,,,,,,,,,,,,,,,,,,,,,,,
,,,,,,,,,,,,,,,,,,,,,,,,,,,
,,,,,,,,,,,,,,,,,,,,,,,,,,,
,,,,,,,,,,,,,,,,,,,,,,,,,,,
,,,,,,,,,,,,,,,,,,,,,,,,,,,
,,,,,,,,,,,,,,,,,,,,,,,,,,,
,,,,,,,,,,,,,,,,,,,,,,,,,,,
,,,,,,,,,,,,,,,,,,,,,,,,,,,
,,,,,,,,,,,,,,,,,,,,,,,,,,,
,,,,,,,,,,,,,,,,,,,,,,,,,,,
,,,,,,,,,,,,,,,,,,,,,,,,,,,
,,,,,,,,,,,,,,,,,,,,,,,,,,,
,,,,,,,,,,,,,,,,,,,,,,,,,,,
,,,,,,,,,,,,,,,,,,,,,,,,,,,
,,,,,,,,,,,,,,,,,,,,,,,,,,,
,,,,,,,,,,,,,,,,,,,,,,,,,,,
,,,,,,,,,,,,,,,,,,,,,,,,,,,
,,,,,,,,,,,,,,,,,,,,,,,,,,,
,,,,,,,,,,,,,,,,,,,,,,,,,,,
,,,,,,,,,,,,,,,,,,,,,,,,,,,
,,,,,,,,,,,,,,,,,,,,,,,,,,,
,,,,,,,,,,,,,,,,,,,,,,,,,,,
,,,,,,,,,,,,,,,,,,,,,,,,,,,
,,,,,,,,,,,,,,,,,,,,,,,,,,,
,,,,,,,,,,,,,,,,,,,,,,,,,,,
,,,,,,,,,,,,,,,,,,,,,,,,,,,
,,,,,,,,,,,,,,,,,,,,,,,,,,,
,,,,,,,,,,,,,,,,,,,,,,,,,,,
,,,,,,,,,,,,,,,,,,,,,,,,,,,
,,,,,,,,,,,,,,,,,,,,,,,,,,,
,,,,,,,,,,,,,,,,,,,,,,,,,,,
,,,,,,,,,,,,,,,,,,,,,,,,,,,
,,,,,,,,,,,,,,,,,,,,,,,,,,,
,,,,,,,,,,,,,,,,,,,,,,,,,,,
,,,,,,,,,,,,,,,,,,,,,,,,,,,
,,,,,,,,,,,,,,,,,,,,,,,,,,,
,,,,,,,,,,,,,,,,,,,,,,,,,,,
,,,,,,,,,,,,,,,,,,,,,,,,,,,
,,,,,,,,,,,,,,,,,,,,,,,,,,,
,,,,,,,,,,,,,,,,,,,,,,,,,,,
,,,,,,,,,,,,,,,,,,,,,,,,,,,
,,,,,,,,,,,,,,,,,,,,,,,,,,,
,,,,,,,,,,,,,,,,,,,,,,,,,,,
,,,,,,,,,,,,,,,,,,,,,,,,,,,
,,,,,,,,,,,,,,,,,,,,,,,,,,,
,,,,,,,,,,,,,,,,,,,,,,,,,,,
,,,,,,,,,,,,,,,,,,,,,,,,,,,
,,,,,,,,,,,,,,,,,,,,,,,,,,,
,,,,,,,,,,,,,,,,,,,,,,,,,,,
,,,,,,,,,,,,,,,,,,,,,,,,,,,
,,,,,,,,,,,,,,,,,,,,,,,,,,,
,,,,,,,,,,,,,,,,,,,,,,,,,,,
,,,,,,,,,,,,,,,,,,,,,,,,,,,
,,,,,,,,,,,,,,,,,,,,,,,,,,,
,,,,,,,,,,,,,,,,,,,,,,,,,,,
,,,,,,,,,,,,,,,,,,,,,,,,,,,
,,,,,,,,,,,Quinnipiac,-4.9,,Southern Illinois,270,785,1055,356,65.4,5.290519878,266,,266,757,1023,346,65.4
,,,,,,,,Team,AdjEM,,Jacksonville,-4.9,,SIU Edwardsville,375,800,1175,352,67.7,6.011816839,321,,321,829,1150,407,67.7
,,,,,,,,Oral Roberts,-8.64,,Siena,-4.9,,Southern Indiana,319,820,1139,423,69.7,5.509325681,319,,319,835,1154,384,69.7
,,,,,,,,Middle Tennessee,-8.79,,Chicago State,-5,,Southern Methodist,468,815,1283,362,68.5,6.102189781,368,,368,742,1110,418,68.5
,,,,,,,,Binghamton,-8.85,,Charl South,-5,,Southern Mississippi,343,834,1177,411,69.5,5.64028777,349,,349,823,1172,392,69.5
,,,,,,,,FIU,-9.06,,Rob Morris,-5,,Southern Utah,322,727,1049,373,71.4,5.434173669,349,,349,809,1158,388,71.4
,,,,,,,,Utah Tech,-9.28,,NJIT,-5,,St. Bonaventure,320,767,1087,358,66,6.454545455,304,,304,756,1060,426,66
,,,,,,,,SIU Edwardsville,-9.51,,Marist,-5.1,,St. John's (NY),476,803,1279,360,69.6,6.120689655,350,,350,756,1106,426,69.6
,,,,,,,,Old Dominion,-9.71,,Lehigh,-5.2,,St. Thomas,255,772,1027,303,63.9,6.181533646,257,,257,768,1025,395,63.9
,,,,,,,,USC Upstate,-9.86,,Ball State,-5.3,,Stanford,248,849,1097,410,70.9,5.049365303,319,,319,821,1140,358,70.9
,,,,,,,,Tennessee St.,-9.86,,Nicholls,-5.3,,Stephen F. Austin,393,791,1184,530,71.5,7.874125874,336,,336,749,1085,563,71.5
,,,,,,,,New Mexico St.,-9.9,,Manhattan,-5.4,,Stetson,329,857,1186,355,67.4,4.836795252,376,,376,793,1169,326,67.4
,,,,,,,,Delaware St.,-10.04,,Niagara,-5.4,,Stonehill,257,763,1020,421,69.2,5.303468208,346,,346,864,1210,367,69.2
,,,,,,,,Sacred Heart,-10.04,,Lafayette,-5.5,,Stony Brook,336,944,1280,359,67.5,5.481481481,384,,384,915,1299,370,67.5
,,,,,,,,Wagner,-10.09,,Denver,-5.7,,Syracuse,277,787,1064,364,72.1,6.421636616,360,,360,843,1203,463,72.1
,,,,,,,,American,-10.25,,Wm & Mary,-5.7,,Tarleton State,348,732,1080,366,68.1,6.769456681,359,,359,756,1115,461,68.1
,,,,,,,,Boston University,-10.31,,North Dakota,-5.7,,TCU,412,810,1222,424,70.6,6.968838527,324,,324,749,1073,492,70.6
,,,,,,,,Louisiana Monroe,-10.5,,Idaho,-5.7,,Temple,406,898,1304,357,68,6.323529412,374,,374,1026,1400,430,68
,,,,,,,,Alcorn St.,-10.61,,Neb Omaha,-5.8,,Tennessee,374,868,1242,329,70.6,6.04815864,347,,347,780,1127,427,70.6
,,,,,,,,Valparaiso,-10.76,,Presbyterian,-5.9,,Tennessee State,327,817,1144,436,69.8,6.346704871,372,,372,801,1173,443,69.8
,,,,,,,,Portland,-10.77,,Pacific,-5.9,,Tennessee Tech,191,766,957,369,67.6,4.778106509,288,,288,825,1113,323,67.6
,,,,,,,,Le Moyne,-10.91,,Alcorn State,-6.1,,Tennessee-Martin,325,994,1319,366,74.5,4.563758389,346,,346,874,1220,340,74.5
,,,,,,,,South Carolina St.,-10.94,,Jackson State,-6.1,,Texas,324,782,1106,364,68.2,5.967741935,335,,335,739,1074,407,68.2
,,,,,,,,Chicago St.,-11.06,,Elon,-6.1,,Texas A&M,587,865,1452,327,67.5,5.762962963,337,,337,812,1149,389,67.5
,,,,,,,,Southeastern Louisiana,-11.11,,E Michigan,-6.2,,Texas A&M-Commerce,316,759,1075,385,68.7,6.506550218,361,,361,920,1281,447,68.7
,,,,,,,,Western Michigan,-11.29,,AR Lit Rock,-6.3,,Texas A&M-Corpus Christi,418,866,1284,390,71.2,6.741573034,272,,272,799,1071,480,71.2
,,,,,,,,Northern Illinois,-11.52,,TN Martin,-6.4,,Texas Southern,356,776,1132,405,69.5,5.884892086,347,,347,814,1161,409,69.5
,,,,,,,,Robert Morris,-11.58,,South Dakota,-6.4,,Texas State,388,855,1243,470,68.4,6.622807018,354,,354,828,1182,453,68.4
,,,,,,,,DePaul,-11.67,,Central Ark,-6.4,,Texas Tech,326,829,1155,368,67.2,5.639880952,361,,361,754,1115,379,67.2
,,,,,,,,Bethune Cookman,-11.82,,Boston U,-6.5,,Texas-Rio Grande Valley,290,747,1037,434,73.5,6.095238095,350,,350,873,1223,448,73.5
,,,,,,,,Jackson St.,-12.09,,Howard,-6.6,,The Citadel,300,794,1094,385,67,5.28358209,281,,281,753,1034,354,67
,,,,,,,,Northern Arizona,-12.16,,Campbell,-6.6,,Toledo,318,763,1081,342,70.2,5.954415954,307,,307,769,1076,418,70.2
,,,,,,,,Campbell,-12.27,,Loyola-MD,-6.6,,Towson,491,846,1337,413,63.2,5.933544304,311,,311,739,1050,375,63.2
,,,,,,,,Sacramento St.,-12.55,,TX A&M-CC,-6.7,,Troy,427,803,1230,441,71.2,6.966292135,338,,338,759,1097,496,71.2
,,,,,,,,Coastal Carolina,-12.66,,TX Southern,-6.7,,Tulane,217,813,1030,347,73.4,5.463215259,388,,388,834,1222,401,73.4
,,,,,,,,Alabama St.,-12.73,,LIU,-6.7,,Tulsa,270,821,1091,403,71.4,5.630252101,357,,357,818,1175,402,71.4
,,,,,,,,Bellarmine,-12.85,,Lamar,-6.7,,UAB,437,859,1296,392,68.8,5.668604651,383,,383,797,1180,390,68.8
,,,,,,,,Charleston Southern,-13.03,,Coppin State,-6.8,,UC Davis,327,775,1102,444,68.1,7.063142438,338,,338,777,1115,481,68.1
,,,,,,,,Elon,-13.25,,Norfolk State,-6.8,,UC Irvine,345,902,1247,387,69.7,5.882352941,338,,338,746,1084,410,69.7
,,,,,,,,Lafayette,-13.31,,Merrimack,-6.8,,UC Riverside,420,836,1256,326,67.7,5.568685377,279,,279,930,1209,377,67.7
,,,,,,,,William & Mary,-13.51,,American,-6.9,,UC San Diego,305,808,1113,309,67,5.567164179,306,,306,790,1096,373,67
,,,,,,,,Eastern Illinois,-13.58,,Hampton,-6.9,,UC Santa Barbara,252,829,1081,405,69,4.492753623,292,,292,701,993,310,69
,,,,,,,,,,,S Car Stateate,-7,,UCF,394,811,1205,400,69.2,6.531791908,304,,304,802,1106,452,69.2
,,,,,,,,Team,AdjEM,,SIU Edward,-7.1,,UCLA,339,776,1115,358,64.8,5.987654321,299,,299,775,1074,388,64.8
,,,,,,,,Idaho,-13.66,,Southern,-7.1,,UNC Asheville,319,863,1182,403,70.3,6.173541963,387,,387,817,1204,434,70.3
,,,,,,,,South Dakota,-13.82,,Alab A&M,-7.2,,UNC Greensboro,319,814,1133,349,66.9,5.545590433,330,,330,753,1083,371,66.9
,,,,,,,,Navy,-14.12,,SE Louisiana,-7.4,,UNC Wilmington,330,736,1066,266,66.6,5.750750751,321,,321,755,1076,383,66.6
,,,,,,,,Northwestern St.,-14.49,,Holy Cross,-7.4,,UT Arlington,404,871,1275,526,71.9,6.467315716,358,,358,785,1143,465,71.9
,,,,,,,,Eastern Michigan,-15.01,,Grambling State,-7.4,,Utah,340,947,1287,384,70.7,4.823196605,337,,337,861,1198,341,70.7
,,,,,,,,Fairleigh Dickinson,-15.29,,Delaware State,-7.5,,Utah State,320,878,1198,368,69.1,5.701881331,296,,296,771,1067,394,69.1
,,,,,,,,Alabama A&M,-15.45,,NW Stateate,-7.6,,Utah Tech,307,763,1070,495,71.9,5.78581363,351,,351,775,1126,416,71.9
,,,,,,,,Southern Indiana,-15.79,,Navy,-7.6,,Utah Valley,335,844,1179,395,69.2,5.910404624,308,,308,840,1148,409,69.2
,,,,,,,,Texas A&M Commerce,-16.31,,VMI,-7.6,,UTEP,361,763,1124,500,71.4,8.907563025,336,,336,834,1170,636,71.4
,,,,,,,,UT Rio Grande Valley,-16.43,,TN Stateate,-7.7,,UTSA,419,870,1289,360,71.3,4.249649369,348,,348,873,1221,303,71.3
,,,,,,,,Tennessee Tech,-16.59,,W Illinois,-7.7,,Valparaiso,320,744,1064,353,69.3,5.714285714,322,,322,911,1233,396,69.3
,,,,,,,,Morgan St.,-16.83,,Wagner,-7.8,,Vanderbilt,344,758,1102,333,67.8,5.1179941,314,,314,875,1189,347,67.8
,,,,,,,,Dartmouth,-16.89,,TN Tech,-7.9,,Vermont,262,924,1186,310,65.6,5.213414634,280,,280,865,1145,342,65.6
,,,,,,,,NJIT,-16.92,,NC Central,-7.9,,Villanova,283,869,1152,314,64.2,5.436137072,281,,281,842,1123,349,64.2
,,,,,,,,Prairie View A&M,-16.95,,S Indiana,-7.9,,Virginia,291,792,1083,270,61.2,6.454248366,310,,310,828,1138,395,61.2
,,,,,,,,Arkansas Pine Bluff,-17.14,,Stonehill,-8,,Virginia Commonwealth,320,914,1234,427,66.1,5.900151286,336,,336,810,1146,390,66.1
,,,,,,,,Manhattan,-17.18,,Prairie View,-8,,VMI,299,871,1170,507,74.6,5.026809651,361,,361,889,1250,375,74.6
,,,,,,,,Cal Poly,-17.58,,Central Conn,-8,,Virginia Tech,248,778,1026,353,67.9,5.463917526,280,,280,736,1016,371,67.9
,,,,,,,,Central Arkansas,-17.72,,TX A&M-Com,-8.1,,Wagner,358,773,1131,310,62.9,5.564387917,276,,276,807,1083,350,62.9
,,,,,,,,New Orleans,-17.92,,Miss Val State,-8.1,,Wake Forest,275,847,1122,358,68.7,5.400291121,301,,301,772,1073,371,68.7
,,,,,,,,Hampton,-17.98,,E Illinois,-8.3,,Washington,301,850,1151,374,72,5.152777778,346,,346,811,1157,371,72
,,,,,,,,Florida A&M,-18.12,,Florida A&M,-8.3,,Washington State,370,874,1244,357,66.7,5.262368816,289,,289,754,1043,351,66.7
,,,,,,,,Incarnate Word,-18.71,,Army,-8.3,,Weber State,248,777,1025,316,66.8,6.062874251,235,,235,794,1029,405,66.8
,,,,,,,,LIU,-18.82,,Morgan State,-8.3,,West Virginia,293,787,1080,405,68.7,4.832605531,343,,343,804,1147,332,68.7
,,,,,,,,Army,-18.83,,Sacred Hrt,-8.4,,Western Carolina,335,934,1269,330,68.6,4.533527697,305,,305,802,1107,311,68.6
,,,,,,,,North Carolina A&T,-19.44,,Le Moyne,-8.5,,Western Illinois,482,915,1397,436,66.9,4.992526158,346,,346,775,1121,334,66.9
,,,,,,,,Buffalo,-19.55,,Alabama State,-8.5,,Western Kentucky,347,967,1314,452,76,6.184210526,350,,350,856,1206,470,76
,,,,,,,,Holy Cross,-19.57,,Incar Word,-8.7,,Western Michigan,402,810,1212,428,68.6,5.131195335,342,,342,786,1128,352,68.6
,,,,,,,,Maryland Eastern Shore,-19.83,,F Dickinson,-8.8,,Wichita State,396,943,1339,419,69.5,5.007194245,372,,372,835,1207,348,69.5
,,,,,,,,Loyola MD,-20.11,,Beth-Cook,-8.8,,William & Mary,341,820,1161,357,66.7,4.842578711,321,,321,871,1192,323,66.7
,,,,,,,,Detroit Mercy,-20.61,,Hsn Christian,-9,,Winthrop,341,793,1134,415,68.3,6.237188873,356,,356,732,1088,426,68.3
,,,,,,,,Southeast Missouri St.,-21.17,,New Orleans,-9,,Wisconsin,354,834,1188,339,65.8,5.987841945,269,,269,807,1076,394,65.8
,,,,,,,,Houston Christian,-21.98,,St Fran (PA),-9.2,,Wofford,337,853,1190,373,67.5,4.518518519,278,,278,779,1057,305,67.5
,,,,,,,,VMI,-22.04,,IUPUI,-9.4,,Wright State,290,821,1111,379,72.6,5.371900826,318,,318,723,1041,390,72.6
,,,,,,,,Saint Francis,-22.23,,Maryland ES,-9.5,,Wyoming,307,796,1103,408,67.9,5.30191458,322,,322,747,1069,360,67.9
,,,,,,,,Lindenwood,-22.36,,SE Missouri,-9.8,,Xavier,393,864,1257,381,71.4,5.336134454,352,,352,833,1185,381,71.4
,,,,,,,,Siena,-22.52,,Lindenwood,-10,,Yale,312,838,1150,293,66,5.136363636,257,,257,745,1002,339,66
,,,,,,,,Stonehill,-22.89,,Ark Pine Bl,-10.4,,Youngstown State,409,870,1279,353,70.8,5.40960452,336,,336,761,1097,383,70.8
,,,,,,,,Pacific,-22.91,,,,,,,,,,,,,,,,,,
,,,,,,,,IUPUI,-25.63,,,,,,,,,,,,,,,,,,